,Name,Review Rate,Review Time,Review Text
0,Volt, 4 stars ,5 months ago,"Restaurant has a good atmosphere. Warm and nice food. The menu in the window is not what is actually available on the day, which was deceiving."
1,Volt, 5 stars ,4 months ago,"I have been several times to this restaurant and I have never been disappointed. The food is excellent and fresh; the service impeccable. Sebastian was taking care of us during my last visit, he was extremely caring and attentive. What a ‚Ä¶"
2,Volt, 4 stars ,a year ago,"The ceasar salad was amazing ! Everything was so tasty, and way more better than what we could have expected. Coffee is served with a small Tony‚Äôs Chocolonely which is THE chocolate to taste here in Amsterdam. ‚Ä¶"
3,Volt, 5 stars ,2 years ago,"We visited this restaurant for dinner with a friend.
We didn‚Äôt plan to go so we were lucky to find a seat.
The staff was very polite it could be a bit faster but it was busy so it‚Äôs ok. ‚Ä¶"
4,Volt, 1 star ,3 months ago,"We went there on a Sunday, group of 4 French with no reservation and they told us that the restaurant was full whereas they had more than half of the tables empty. The group behind us was 4 Dutch with no reservation and they gave them a ‚Ä¶"
5,Volt, 1 star ,5 months ago,The food was not bad but the service made sure we've had the worst experience. We had to wait more than an hour for the burgers because the waitress forgot to put the order in the system. Ofcouse the blamed it on the kitchen. Then she didnt ‚Ä¶
6,Volt, 3 stars ,4 months ago,Nice and quiet indoors. The service was too slow. We were waiting for 15 minutes for someone to take notice we need to order and in the end we just left!
7,Volt, 5 stars ,2 years ago,Good food and good vibe. The staff is very friendly. Highly recommended
8,Volt, 1 star ,a year ago,Very unprofessional service and terrible with handling complaints! I was served the glass of Primitivo cold from the fridge ! I complained to the waiter and he asked if I‚Äôd like to have another one at room temperature so I said yes. He came ‚Ä¶
9,Volt, 5 stars ,5 months ago,Very cozy atmosphere. The menu is not large but the food is good and the staff is very friendly
10,Volt, 1 star ,3 months ago,"Terrible attitude of the waitresses. If I knew I would be welcomed by such contempt & arrogance, I wouldn‚Äôt have entered this place."
11,Volt, 5 stars ,a month ago,5 stars for the place where I had the first date with my girlfriend ‚ù§Ô∏è
12,Volt, 5 stars ,7 months ago,Very friendly & helpful staff and delicious food.
13,Volt, 5 stars ,8 months ago,"Shotout to lovely service! Great, cozy and chill location while still being in pijp but staying away from unnecessary crowds. I can tell that many locals come here. I enjoyed my fries a lot, all my friends who dined along enjoyed their meals as well. Highly recommend. We sat outdoors but indoors also looked very inviting!"
14,Volt, 5 stars ,3 years ago,"I went for a sunday breakfast and it was a good experience. No waiting line, cosy setting, plate mise en place even for an open sandwich was really beautiful. They also have salads and eggs on menu. Coffee was average, which is a pity with all the good coffee roasters in Amsterdam. It is wheelchair accessible."
15,Volt, 5 stars ,2 years ago,Really nice restaurant. The food is great and cheap. The staff is very friendly and fast. Great atmosphere. Would definitely recommend the place.
16,Volt, 4 stars ,4 years ago,"Great restaurant in the Pijp! Perfect for a dinner with friends or after work drinks, volt is a modern and cosy place to hang out. Limited choice on the menu, but the deserts are to die for! Pick the caramel and chocolate tart, trust me you won't be disappointed!"
17,Volt, 5 stars ,5 months ago,Excellent food and service in a cosy atmosphere in the heart of De Pijp. Strongly recommend
18,Volt, 5 stars ,6 months ago,My favorite place in Amsterdam. Great service. Perfect food. Nice atmosphere - can't go wrong!
19,Volt, 5 stars ,5 months ago,Delicious food and drinks! Very nice vibe and crow too. Really love it here!
20,Volt, 4 stars ,a year ago,"First time to have food here. I live around the corner. The terras is nice. We had a table for two outside and we both had the dish of the day: fish. Food was nice but some good seasoning was missing. However, the young staff was surprisingly good. So the forth ‚≠êÔ∏è is for the staff. Thanks."
21,Volt, 5 stars ,3 years ago,Great 'local' cafe just outside of town. English menus available with great fresh meals and cold beers. Thank u for the hospitality on our last evening in Amsterdam
22,Volt, 5 stars ,6 months ago,"Great value for the money. Quality food and drinks. Very friendly staff and beautiful people.
Thanks"
23,Volt, 4 stars ,3 years ago,"Whether you're looking for burgers or something a little nicer, Volt is a good choice! They have their own beer on tap, a couple of nice wines and a good spot to sit outside to enjoy a meal - or just a drink!"
24,Volt, 1 star ,6 months ago,Service was good but guests were rude to our friends and then got told off by the service staff to move bc we were too close to them. Could‚Äôve been handled better.
25,Volt, 5 stars ,2 years ago,Really delicious food and friendly staff. Worth it!
26,Volt, 5 stars ,8 months ago,Couldn‚Äôt recommend it enough - such friendly and engaged staff delivering great service. The eggs Benedict is a banger and the Bloody Mary is quite special!
27,Volt, 5 stars ,a year ago,I sat on a hot day just to enjoy some wine and small snacks. Rianna(sorry about the spelling) was very sweet and attentive and then I was also later in the evening served by a young man named Coen. Both of them were exceptionally nice and ‚Ä¶
28,Volt, 1 star ,6 months ago,Got kicked off a table because the couple next to us said we were too close - I don‚Äôt decide the table arrangement so not sure why that‚Äôs my fault
29,Volt, 4 stars ,2 years ago,"A nice restaurant, with plenty of space to feel undisturbed when eating with other people, that's well reachable with public transport as well as car or bike. ‚Ä¶"
30,Volt, 1 star ,a year ago,i was in this cafe bar this morning i asked for the menu in english because i dont understand deutch the waitress was very rude and arrogant. I am very disappointed with this service as I come to Amsterdam very often and I have never had a ‚Ä¶
31,Volt, 4 stars ,2 years ago,"Very friendly staff, a bit expensive, but the food tastes very good. Worth it"
32,Volt, 5 stars ,4 years ago,Staff were very helpful and explained the menu to us. Very good English for us as its our first time in Amsterdam. Burger was superb and they even cooked one well done especially for my fiance. ‚Ä¶
33,Volt, 5 stars ,5 years ago,"Underrated brunch spot! Eggs Benedict, sumptuous burger and a very nice selection of local craft beer along with the ubiquitous gin and tonic. Hip atmosphere with raw wood and low key furnishings. Service is friendly, if slightly slow. Overall a much better experience than the ""best brunch in Mokum"" listed bars."
34,Volt, 1 star ,4 years ago,"The waitress spilled 2 drinks on 2 people. When the bill arrived and we brought up the incident, the waitress snapped that she was being attacked by us because we mentioned it. Her manager seemed not to care and was very rude and ‚Ä¶"
35,Volt, 1 star ,2 years ago,"The food is very well made and served, credits to the chef! The staff is not well trained at all. Stopping for taking a coat like it is almost obligatory, asking few times about dessert while we are still finishing our beers and don't want ‚Ä¶"
36,Volt, 4 stars ,2 months ago,"As a child I was shocked by an electric fence, the volt that ran through me here was quite contrasting."
37,Volt, 1 star ,3 years ago,"so this place look nice as well, but there was a blonde waitress, who was not friendly.
We received an incomplete menu, that's why we couldn't order some stuff. ‚Ä¶"
38,Volt, 4 stars ,5 years ago,I really liked VOLT.. Good local vibe. Excellent food and great gin drinks! The server seemed a bit stressed when we arrived.  She changed her attitude quickly and remembered us and our drink order when we came back a few nights later!
39,Volt, 5 stars ,2 years ago,"Food was perfect, stuff super friendly. Perfect atmosphere, good music. Aaaand I was the only one in the group with food sensibility and the stuff managed to make me a perfect delicious dish just for me. üëåüëçüñ§"
40,Volt, 4 stars ,2 years ago,"Cosy dinner place in the middle of the Pijp. The menu is not large, but the dishes are quite tasy. ‚Ä¶"
41,Volt, 5 stars ,2 years ago,Personal was super friendly and kind and the food was extremely delicious. We definitely come again to enjoy this great atmosphere! Thank you for the great time!
42,Volt, 5 stars ,4 years ago,"A must-go place during your stay in Amsterdam. Plates were really amazing with a wonderful mix of tastes! All their fish, duck and meat plates were delicious and well elaborated with many suprising tastes. Their numerous propositions of ‚Ä¶"
43,Volt, 3 stars ,7 years ago,"Good service, great location, but the chef needs to go back to school!

The menu is exquisite, carefully designed to match the pretentiousness of the ‚Ä¶"
44,Volt, 4 stars ,3 years ago,"The draft IPA (Brewdog) was great, very hoppy! Large burgers and thick fries. Great service with a smile! Reasonable dinner prices. If you're near a window or outside there may be smoke but that's true everywhere in Amsterdam."
45,Volt, 5 stars ,5 months ago,Lots of variety in the menu and very friendly staff.
46,Volt, 5 stars ,2 years ago,"Nice atmosphere, we sat at the bar and it was interesting. The staff is really friendly and he even let me taste some beers before choosing my favorite one."
47,Volt, 1 star ,6 months ago,"Kicked out for sitting to close to another table, not like we decided where to sit :S very rude"
48,Volt, 5 stars ,3 years ago,"Very good food, lot of different meals and something for everyone. The staff is super friendly and professional. Great wine too"
49,Volt, 5 stars ,2 years ago,"Good staff, friendly and on point (and all wearing beautiful clothes). The food was very tasty. One of the better places in this area."
50,Volt, 1 star ,2 years ago,"Food wasn‚Äôt great, ravioli and dumplings were definitely not home made not well done. I wouldn‚Äôt go again for food. However, cocktails were niceÔºÅ"
51,Volt, 5 stars ,2 years ago,Lovely freshly grilled selection of vegetables with the eggs  Florentine.  Very friendly servers and a lovely relaxed lazy sunny breakfast in what looks like a popular place with the locals.
52,Volt, 5 stars ,2 years ago,"Really great staff, tasty food and nice atmosphere. The Pinot Noir should have been better chilled (was quite warm) but apart from that, all was perfect ..."
53,Volt, 5 stars ,3 years ago,"Amazing place! People are nice, the food is amazing ans fair for the price. If you're hungry and want to have a nice time, this place is for you. I definetely will come back next time!"
54,Volt, 4 stars ,a year ago,The house Made Fries are to die for
55,Volt, 5 stars ,5 years ago,Cool place with nice vibe to enjoy drinks in good company
56,Volt, 3 stars ,5 years ago,"Food is fine/decent, nothing outstanding. Wine is fine.
Staff can be somewhere between courteous and rude. The latter is pretty disappointing."
57,Volt, 5 stars ,2 years ago,"Great food, amazing cocktails and even better prices!!

The service will also impeccable!"
58,Volt, 3 stars ,3 years ago,"Nice place, good wine, staff not too friendly. Reserve a tabel if you would like to eat here."
59,Volt, 3 stars ,3 years ago,Great service and wonderful location. Was disappointed by their accommodation of vegetarians: there was not a single meat/fish free starter on the menu when I went.
60,Volt, 3 stars ,5 years ago,"It's a bit of a ""look at me being a hipster writing a novel on a macbook""-place. The eggs Benedict were good, toastie as well, but the waitresses were extremely slow and slightly arrogant."
61,Volt, 5 stars ,2 years ago,"Super friendly staff, great food and good selection of Dutch brewed beers. Definitely recommended!"
62,Volt, 4 stars ,3 years ago,"Pros:
Great outdoor terrace guys with the beautiful people watching
Great rose wine ‚Ä¶"
63,Volt, 5 stars ,3 years ago,Go here for gin & tonic drinks. Cocktails were simple and delicious. Quite a few beers on tap. Great ambiance.
64,Volt, 4 stars ,5 years ago,"Food was really good, service was fast and waitresses were attentive and thoughtful. Reasonably priced too..."
65,Volt, 5 stars ,2 years ago,"üòäGreat place to have dinner. Candels, chill out music, particular innovating dishes not common and very nice service"
66,Volt, 5 stars ,3 years ago,"Very good place, waiters are very kind and fast, the burger was really well cooked and the desert good as well !
Don‚Äôt hesitate."
67,Volt, 4 stars ,2 years ago,"Pretty good, food was tasty but nothing extraordinary. Nice place for a casual lunch"
68,Volt, 5 stars ,2 years ago,"Loved this place. Good food, good prices, very good and friendly staff. I definitely recommend it!"
69,Volt, 4 stars ,4 years ago,I love to come here for some good beers and/or a great meal! The staff are fun and the layout is quite cool.
70,Volt, 4 stars ,4 years ago,"Very good food and service. A little pricey, but it's worth it. Highly recommended."
71,Volt, 5 stars ,3 years ago,Such a good dinner! Service kind (if a bit on the slow side) and food excellent!
72,Volt, 5 stars ,6 years ago,"Best service I've had in Amsterdam, and also maybe the best steak I've had here! Also, nicely decorated place with a great selection of beer."
73,Volt, 5 stars ,3 years ago,One of the best burger in town. Service is beyond amazing. The go to place when i want to feel good.
74,Volt, 5 stars ,2 years ago,Delicious food and very friendly service. Suitable for vegans and vegetarians as well.
75,Volt, 5 stars ,2 years ago,"I really liked this lovely and typical place near the centre of Amsterdam
We ate well an plentiful and the staff is really kind and competent ‚Ä¶"
76,Volt, 5 stars ,3 years ago,"Excellent service and food, the burger was the best I have had in a long time. Highly recommended"
77,Volt, 4 stars ,a year ago,"Good service, seating in or outside, reasonable choice of food."
78,Volt, 5 stars ,4 years ago,Love this place. Sitting outside having a beer and snacks here is one of my favourite things to do in Amsterdam. Really chilled out.
79,Volt, 1 star ,6 months ago,Poor service. Kicked out for smoking outside.
80,Volt, 5 stars ,2 years ago,This place has a very good atmosphere. I gave it 5 stars because I had just positive experiences here.
81,Volt, 5 stars ,3 years ago,Great service and a bubbling summer street terrace environment. Casual dining but book ahead!
82,Volt, 4 stars ,5 years ago,"Great outdoor seating, lovely staff, and and a good beer and wine selection. Good spot for a lazy Sunday brunch!"
83,Volt, 5 stars ,5 years ago,Amazing food with amazing service! Best we could find in Amsterdam! Definitely recommend this place for a nice meal as it is a bit pricey!
84,Volt, 5 stars ,3 years ago,"Everything I've ever eaten from here is delicious. Burgers, fries, steak, veggie options are all great."
85,Volt, 5 stars ,4 years ago,"Fantastic menu, friendly and accommodating staff, and just-the-right-amount-of-hip atmosphere."
86,Volt, 4 stars ,5 years ago,Very nice food! Omelettes are fresh! Fairly priced! Service slow though
87,Volt, 5 stars ,5 years ago,"A really good experience, good food, nice selection of drinks, in the same price category as other restaurants in the De Pijp area."
88,Volt, 3 stars ,3 years ago,"Was alright, customer service was good. The quality/portion of the food compared to the price was not good enough."
89,Volt, 4 stars ,3 years ago,Nice terrace in fancy neighbourhoud the Pijp. Attentive service and informal location give you the feeling of hanging out with the locals
90,Volt, 5 stars ,5 years ago,Great outdoor area. Wonderful burger and fries. Nice staff.
91,Volt, 4 stars ,5 years ago,"Menu with about five delicious options, good service. Nice place!"
92,Volt, 5 stars ,2 years ago,"Great food, nicely located and friendly staff."
93,Volt, 4 stars ,3 years ago,Food was delicious but the two Bitterballen were too expensive... friendly stuff though!
94,Volt, 5 stars ,6 years ago,"Nice cafe! Friendly staff, good beer snacks and selection of beer."
95,Volt, 5 stars ,5 years ago,Had the dumplings for dinner and they were delicious. The Volt Devil cocktail was amazing.
96,Volt, 5 stars ,3 years ago,"Great food, location and service! A must-go when visiting De Pijp!"
97,Volt, 4 stars ,4 years ago,"Decent bar with a decent beer & wine select, nice terrace in the summer."
98,Volt, 3 stars ,3 years ago,"Good in the average of Amsterdam, staff is nice. Nice atmosphere especially in the evening drinks"
99,Volt, 4 stars ,7 years ago,"Well balanced, tasty good. Friendly, helpful service. Good wines by the glass"
100,Volt, 4 stars ,2 years ago,Simple but tasty food. And staff was efficient and smiling
101,Volt, 5 stars ,2 years ago,One of my top 5 Favourite restaurants in Amsterdam
102,Volt, 5 stars ,5 years ago,Lovely place to have a drink. Good beer selection.
103,Volt, 5 stars ,2 years ago,Very nice place and well prepared food.
104,Volt, 2 stars ,3 years ago,"food is ok , nothing special about it. service is pretty uneficcient and careless."
105,Volt, 5 stars ,4 years ago,Great volt vlegel beer!!! And the food was also super good
106,Volt, 5 stars ,2 years ago,Very nice food and great service.
107,Volt, 4 stars ,3 years ago,had a drink at their terrace. nice place and staff
108,Volt, 4 stars ,5 years ago,"Cozy restaurant with carefully prepared food, worths trying; dorada fish was made properly"
109,Volt, 4 stars ,6 years ago,"Very good service, nice place for brunch!"
110,Volt, 5 stars ,3 years ago,"Great spot to sit outside, have a beer and enjoy the city."
111,Volt, 5 stars ,2 years ago,"Nice place,  good coffee,  friendly staff"
112,Volt, 5 stars ,4 years ago,"Cozy, good service, food is great, affordable prices"
113,Volt, 5 stars ,2 years ago,"Lovely food, service and atmosphere"
114,Volt, 1 star ,3 years ago,I just don't understand why we had to wait so much!! We didn't even become our food.
115,Volt, 4 stars ,5 years ago,Great neighbourhood restaurant with a good and strong menu
116,Volt, 5 stars ,3 years ago,Best price-quality restaurant in the area.
117,Volt, 5 stars ,8 months ago,Excellent food and service
118,Volt, 3 stars ,3 years ago,Ok food not as good as some other places around here.
119,Volt, 4 stars ,4 years ago,Good food and very nice service !
120,Volt, 4 stars ,2 years ago,It was a little bit expensive but very good food
121,Volt, 3 stars ,4 years ago,This place is simply a bit pretentious. The service was unbelievably slow
122,Volt, 5 stars ,3 years ago,Great food. Amazing service!!
123,Volt, 5 stars ,2 years ago,Great beer and good food.
124,Volt, 5 stars ,a year ago,Delicious food and kind personnel
125,Volt, 5 stars ,a year ago,Can't remember this place so five stars.
126,Volt, 5 stars ,2 years ago,Perfect. Good beers and nice staff
127,Volt, 4 stars ,6 years ago,Great local gastro bar for de pijp. V friendly.
128,Volt, 5 stars ,2 years ago,You will find all kinds of drinks there
129,Volt, 3 stars ,4 years ago,Had a drink a drink some nachos. The nachos were just like those bought from supermarket
130,Volt, 3 stars ,5 years ago,Good food but completely overpriced!
131,Volt, 3 stars ,3 years ago,Always find the food a bit disappointing
132,Volt, 3 stars ,3 years ago,"The food is ok, not very exciting."
133,Volt, 4 stars ,4 years ago,Nice place with good burgers!
134,Volt, 1 star ,2 months ago,terrible service
135,Volt, 3 stars ,2 years ago,Waiters could use a few lessons in courtesy
136,Volt, 4 stars ,6 years ago,Nice spot in de Pijp for drinks or dinner.
137,Volt, 5 stars ,3 years ago,Nice and relax place with great atmosphere
138,Volt, 1 star ,3 years ago,Non blond people are not served as others.
139,Volt, 5 stars ,4 years ago,"Great interior, vibe, drinks and food!"
140,Volt, 5 stars ,3 years ago,Good wholesome food.
141,Volt, 4 stars ,2 years ago,Nice place and service ok !
142,Volt, 4 stars ,3 years ago,Good food
143,Volt, 5 stars ,2 years ago,Good try
144,Volt, 4 stars ,4 years ago,Nice place for dinner
145,Volt, 5 stars ,2 years ago,Very nice service.
146,Volt, 5 stars ,4 years ago,Great cocktails!
147,Volt, 4 stars ,a year ago,Cool
148,Volt, 4 stars ,4 years ago,Just another cafe.
149,Volt, 5 stars ,3 years ago,Ok
150,Volt, 4 stars ,3 years ago,Excellent service!
151,Volt, 4 stars ,4 years ago,good
152,Volt, 4 stars ,3 years ago,nice
153,Volt, 5 stars ,3 years ago,Good place :)
154,Volt, 5 stars ,3 years ago,Bravo
155,Volt, 5 stars ,5 years ago,best in town
156,Volt, 4 stars ,8 months ago,"(Translated by Google) Lovely lunch on the terrace in the shade of a tree. Very tasty food, a bit small portions, also a good beer list. ‚Ä¶"
157,Volt, 5 stars ,9 months ago,"(Translated by Google) Great place with extremely friendly staff! Great food and drink beyond expectations at an affordable price. Cozy terrace in a beautiful, bustling neighbourhood. I will definitely come back here. ‚Ä¶"
158,Volt, 4 stars ,a year ago,(Translated by Google) The poached eggs with ham on brioche bread were very tasty and looked festive. The mackerel sandwich was fine. The service on the terrace was friendly. All in all a nice place for a nice lunch for a friendly price. ‚Ä¶
159,Volt, 5 stars ,a week ago,Leuke plek. Super lekker eten. Bediening super aardig. Borrels of eten alles is wel top
160,Volt, 4 stars ,a year ago,(Translated by Google) The restaurant setting is pleasant and the employees friendly. Ideal to recharge the batteries between two museums the Caesar salad was very good. We still had to wait more than 20 minutes before being served when the ‚Ä¶
161,Volt, 1 star ,6 months ago,"(Translated by Google) Very bad service, staff were so weird and arrogant. Food took too laaannng, almost an hour wait for two steak, and then the food came cold. Steak was served in small pieces with burnt chips, it was really inedible and ‚Ä¶"
162,Volt, 5 stars ,2 years ago,"(Translated by Google) The staff recommended the beer VLEGEL was delicious üëç Blond Ale Is it Heineken? The Michelin the plate was reasonably priced and the atmosphere, taste and kindness were good. I didn't know how to give the tip, so I ‚Ä¶"
163,Volt, 4 stars ,6 months ago,"(Translated by Google) Cozy affair. Delicious vegetarian dish. Jackfruit rendang. Enjoyed!!
We come from Limburg but will definitely come back when we are in town. ‚Ä¶"
164,Volt, 5 stars ,2 years ago,"(Translated by Google) Good atmosphere and delicious food
Good wine and good Heineken draft
I went to eat, but it would be nice to go for a drink ‚Ä¶"
165,Volt, 5 stars ,3 weeks ago,"(Translated by Google) Comfortable, tasty and varied lunch and good service!

(Original) ‚Ä¶"
166,Volt, 5 stars ,a year ago,"(Translated by Google) Delicious food and enjoyed fine service while realizing how beautiful Amsterdam is. (I stay a lot in Egypt) That street like that, with those trees and all those balconies. We are so good! ‚Ä¶"
167,Volt, 4 stars ,2 years ago,(Translated by Google) Delicious nachos as a starter and the angus burger as a main course. Then you are really full but have a delicious meal. ‚Ä¶
168,Volt, 4 stars ,3 years ago,(Translated by Google) Frequented by cheerful young people. The space is small but compensated for the service that met our requests. The presentation and flavor of the dishes pleased everyone. ‚Ä¶
169,Volt, 4 stars ,7 months ago,"(Translated by Google) The Heineken beers are smaller than the brand beers (detail), but you do get the right coaster with your beer brand. You rarely find this eye for detail, especially in Amsterdam. Therefore 4 stars! Keep it up. ‚Ä¶"
170,Volt, 4 stars ,10 months ago,"(Translated by Google) An appointment for a drink and consultation. Nice place and ultimately easy to find. Tasty IJwit, my appointment had mint tea. Smooth service, friendly. I also saw delicious things passing by, that's fine there! It ‚Ä¶"
171,Volt, 4 stars ,7 months ago,"(Translated by Google) Delicious food, nicely prepared and friendly staff. Not 5 stars, because we were reminded up to 3 times about the end time, which was apparently fifteen minutes earlier than discussed in advance. Nevertheless, nice ‚Ä¶"
172,Volt, 3 stars ,6 months ago,"(Translated by Google) Good wine, very nice and good service, tasty snacks, and the only time I ate there: really bad food.
Update August 2021: ‚Ä¶"
173,Volt, 5 stars ,9 months ago,"(Translated by Google) Volt has been on my corner for years but had never eaten there .. now with super sweet company and it was super !!! And very sweet service too, Loetje can learn something from it! ‚Ä¶"
174,Volt, 5 stars ,2 weeks ago,Super heerlijk eten alles is heerlijk !
175,Volt, 4 stars ,7 months ago,(Translated by Google) Highly recommended! Service really super fast! Good quality food and friendly service. ‚Ä¶
176,Volt, 4 stars ,11 months ago,(Translated by Google) the bar is cozy (not possible due to covid) you can eat tasty burgers here. i hope we can have a drink here again soon. ‚Ä¶
177,Volt, 5 stars ,a year ago,(Translated by Google) A nice restaurant with nice service and good food. Not an extensive menu but what they serve is good and the dishes are nicely made. Come here again soon! ‚Ä¶
178,Volt, 5 stars ,a month ago,"(Translated by Google) Yes, nice!!... Do it üëäüèª

(Original)
Ja, lekker!!... Doen üëäüèª"
179,Volt, 4 stars ,5 years ago,"(Translated by Google) Delicious eaten outside on a random Tuesday evening. Fine and adequate service. The terrace was full, they still had an eye on the ever fast as our glasses were empty. Grilled mackerel and vitello tonnato as ‚Ä¶"
180,Volt, 2 stars ,8 years ago,"(Translated by Google) After a pleasant outing, a number of friends spontaneously went out to dinner in the well-kept restaurant. Unfortunately the interior was a deception for the quality of the food. ‚Ä¶"
181,Volt, 4 stars ,6 months ago,"(Translated by Google) Cozy terrace, nice service.

(Original) ‚Ä¶"
182,Volt, 5 stars ,2 years ago,(Translated by Google) Perfect terrace for the hot days and evenings. Food choice is top notch and also very tasty. Nice service. Definitely recommended to eat once! ‚Ä¶
183,Volt, 5 stars ,a year ago,"(Translated by Google) Delicious food, super nice and nice service, worth repeating will definitely come back again. ‚Ä¶"
184,Volt, 5 stars ,2 years ago,(Translated by Google) üòÄFantastic place in the middle of De Pijp for a delicious breakfast with cappuccino and carafe of water! Fresh ingredients and tastefully prepared dishes. Definitely recommended to give it a tryüòÄ ‚Ä¶
185,Volt, 5 stars ,4 years ago,"(Translated by Google) Very very nice service. There is a nice answer to all questions. The food was delicious, but you shouldn't be too hungry. Still a nice atmosphere. And did I mention the service? ‚Ä¶"
186,Volt, 3 stars ,2 years ago,(Translated by Google) The food is super nice fun place and nice music all benefits so only the service is very mediocre because we were only helped after 30 minutes so that is an improvement. ‚Ä¶
187,Volt, 5 stars ,3 years ago,"(Translated by Google) Delicious eaten! The food was special, tasty and really cheap. Good food and drink and a round of applause for the hard workers who, despite crowds, did a lot of fun and friendly. ‚Ä¶"
188,Volt, 4 stars ,2 years ago,"(Translated by Google) Great food with young, friendly service. When it is full of guests, the sound resonates considerably through the matter, so you have to talk extra loud if you want to be able to understand each other. ‚Ä¶"
189,Volt, 5 stars ,3 years ago,"(Translated by Google) Weekend Amsterdam and end up in the Pijp at the end of the afternoon. Nice restaurant, good food and good service. For the first time this weekend everything in Dutch can order instead of English or mishmash! Do not ‚Ä¶"
190,Volt, 4 stars ,2 years ago,(Translated by Google) Very welcome and very good meal. Good quality products. One less star just for the error of the dish ordered. But very good. Thank you ‚Ä¶
191,Volt, 5 stars ,4 years ago,(Translated by Google) Everything is fine there. Operation surprisingly correct. Food delicious for a fair price. From my house the nearest place where the wine is at least fine. Recommended! ‚Ä¶
192,Volt, 5 stars ,4 years ago,"(Translated by Google) Delicious healthy dishes, small menu in the afternoon when we were there but top quality for a reasonable price. Nice friendly service. ‚Ä¶"
193,Volt, 4 stars ,2 years ago,"(Translated by Google) Daughter was very pleased with her hamburger, my ravioli was a surprising taste bomb. Been very attentive. ‚Ä¶"
194,Volt, 3 stars ,a year ago,"(Translated by Google) I had imagined more under it after all the reviews. Not a special burger. Tastes okay, but very expensive ‚Ä¶"
195,Volt, 5 stars ,2 years ago,"(Translated by Google) Delicious food, super staff and cozy atmosphere. Highly recommended! ‚Ä¶"
196,Volt, 4 stars ,2 years ago,"(Translated by Google) Nice place to eat in the Pijp. Veggie starter from a decorated couscous plate, delicious. ‚Ä¶"
197,Volt, 5 stars ,3 years ago,"(Translated by Google) Delicious food, nice card and specials. Location, operation and price / quality all fine. ‚Ä¶"
198,Volt, 1 star ,4 years ago,"(Translated by Google) Bad service. Take food without asking.
Wait 15 minutes for a drink.
Don't say anything to you, just put everything down. ‚Ä¶"
199,Volt, 5 stars ,6 years ago,"(Translated by Google) After the renovation and new owner it is nice to stay at VOLT. More personal attention, good wines for a decent price and great food. The ambiance is nice and intimate. ‚Ä¶"
200,Volt, 5 stars ,4 years ago,"(Translated by Google) Good food, relaxed atmosphere and service! Definitely recommended with nice weather to sit outside ‚Ä¶"
201,Volt, 5 stars ,4 years ago,(Translated by Google) I am always happy when I can relax here reading on the terrace with a wild IPA. Doing something hipster is always fun here. ‚Ä¶
202,Volt, 4 stars ,3 years ago,(Translated by Google) Nice tent! Only not for groups larger than 5 if you want to sit inside without a reservation. ‚Ä¶
203,Volt, 4 stars ,3 years ago,"(Translated by Google) A ""just a little more"" card, with something for every beer lover. When the sun is shining it is a great place, pleasantly busy and feels very Amsterdam ‚Ä¶"
204,Volt, 5 stars ,2 years ago,"(Translated by Google) Service was super bien. Friendly and non-intrusive, really helpful. Incidentally, only a bit drunk. ‚Ä¶"
205,Volt, 4 stars ,5 years ago,(Translated by Google) Delicious at the bar with a glass of wine. Nice place with excellent price / quality ratio. ‚Ä¶
206,Volt, 5 stars ,5 years ago,"(Translated by Google) Nice place, tasty beers. I particularly liked the Brewdog IPA. And nice staff too. ‚Ä¶"
207,Volt, 4 stars ,2 years ago,(Translated by Google) Good food and a lovely terrace outside in the middle of the pipe. Operation is somewhat slow ‚Ä¶
208,Volt, 5 stars ,3 years ago,(Translated by Google) Especially the very friendly service has stuck! Food absolutely delicious too! ‚Ä¶
209,Volt, 5 stars ,3 years ago,(Translated by Google) Top spot. The food and service are perfect. And it is always fun :) ‚Ä¶
210,Volt, 5 stars ,5 years ago,"(Translated by Google) Top case! Great food, nice wines (and beers), good service and a decent price. Highly recommended! ‚Ä¶"
211,Volt, 5 stars ,2 years ago,(Translated by Google) If you want super tasty food you should definitely see it here. ‚Ä¶
212,Volt, 4 stars ,4 years ago,"(Translated by Google) Very good. Good food, efficient service, friendly attendants, nice place. I recommend. ‚Ä¶"
213,Volt, 4 stars ,2 years ago,"(Translated by Google) Great kitchen, busy and cozy, nice dishes.

(Original) ‚Ä¶"
214,Volt, 4 stars ,3 years ago,"(Translated by Google) Not bad eaten. Bit too busy to take a customer!

(Original) ‚Ä¶"
215,Volt, 4 stars ,2 years ago,"(Translated by Google) Tasty cappuccino and special beer. Cozy place, but slow uncomfortable service. ‚Ä¶"
216,Volt, 4 stars ,4 years ago,"(Translated by Google) Very nice bar for a drink, cozy and friendly. Nice selection of gin. ‚Ä¶"
217,Volt, 5 stars ,3 years ago,"(Translated by Google) interesting and high-quality food and drink offer, excellent range of local beers, cozy outdoor dining area ‚Ä¶"
218,Volt, 3 stars ,2 years ago,(Translated by Google) Good atmosphere. Price a bit high for the quantity offered. ‚Ä¶
219,Volt, 5 stars ,2 years ago,"(Translated by Google) The food is tasty and tasteful I'll definitely be back.

(Original) ‚Ä¶"
220,Volt, 5 stars ,2 years ago,"(Translated by Google) Supper nice and very tasty staff supper friendly. üòÄ

(Original) ‚Ä¶"
221,Volt, 4 stars ,4 years ago,(Translated by Google) Limited card. But very tasty eaten. Very busy. Tasty beers. ‚Ä¶
222,Volt, 5 stars ,8 months ago,"(Translated by Google) Lovely terrace and delicious food!

(Original) ‚Ä¶"
223,Volt, 4 stars ,2 years ago,"(Translated by Google) Good food, but the terrace outside is a bit tight

(Original) ‚Ä¶"
224,Volt, 5 stars ,4 years ago,"(Translated by Google) Great food, friendly staff and nice atmosphere!

(Original) ‚Ä¶"
225,Volt, 5 stars ,3 years ago,(Translated by Google) Always a nice place with very friendly staff and excellent food. ‚Ä¶
226,Volt, 5 stars ,5 years ago,"(Translated by Google) Great tent, delicious special beers on the menu!

(Original) ‚Ä¶"
227,Volt, 5 stars ,5 years ago,"(Translated by Google) Nice staff, cozy place to have a drink or a bite to eat

(Original) ‚Ä¶"
228,Volt, 4 stars ,5 years ago,(Translated by Google) Nice restaurant in the Pijp where you can eat on the sidewalk amidst the noise of the Pijp. ‚Ä¶
229,Volt, 4 stars ,3 years ago,"(Translated by Google) Very good food, not very touristy, a bit away from the hustle and bustle of the city center ‚Ä¶"
230,Volt, 5 stars ,3 years ago,"(Translated by Google) Great service and delicious beautifully made food

(Original) ‚Ä¶"
231,Volt, 3 stars ,2 years ago,"(Translated by Google) Cafe for beer and snack

(Original)
–ö–∞—Ñ–µ—à–∫–∞ –¥–ª—è –ø–∏–≤–∞ –∏ –ø–µ—Ä–µ–∫—É—Å–∞"
232,Volt, 4 stars ,4 years ago,"(Translated by Google) Tasty sandwiches, cozy seating and good staff

(Original) ‚Ä¶"
233,Volt, 5 stars ,3 years ago,"(Translated by Google) Just a nightcap before going to bed.

(Original) ‚Ä¶"
234,Volt, 5 stars ,2 years ago,"(Translated by Google) A good place in De Pijp, good atmosphere, very good service and good food. ‚Ä¶"
235,Volt, 3 stars ,2 years ago,"(Translated by Google) Nice place. Lunch ok. Expensive.

(Original)
Leuke plek. Lunch ok. Duur."
236,Volt, 5 stars ,2 years ago,"(Translated by Google) Delicious eaten at a super nice location!

(Original) ‚Ä¶"
237,Volt, 4 stars ,4 years ago,"(Translated by Google) Cozy restaurant. Casual, tasty dishes.

(Original) ‚Ä¶"
238,Volt, 3 stars ,2 years ago,"(Translated by Google) A little pushy about the food, not my way

(Original) ‚Ä¶"
239,Volt, 3 stars ,a year ago,"(Translated by Google) Cozy tent, but no fine dining

(Original) ‚Ä¶"
240,Volt, 4 stars ,2 years ago,"(Translated by Google) Chille vibe and top staff, highly recommended

(Original) ‚Ä¶"
241,Volt, 5 stars ,3 years ago,"(Translated by Google) Great food and sweet and cordial staff!

(Original) ‚Ä¶"
242,Volt, 4 stars ,4 years ago,"(Translated by Google) Fine food, but small portions

(Original) ‚Ä¶"
243,Volt, 4 stars ,4 years ago,"(Translated by Google) Nice place to have drinks!

(Original) ‚Ä¶"
244,Volt, 5 stars ,2 years ago,"(Translated by Google) Had a wonderful evening here

(Original)
Heerlijke avond gehad hier"
245,Volt, 5 stars ,5 years ago,"(Translated by Google) Delicious food and tasty beer. Close to eazyhotel.

(Original) ‚Ä¶"
246,Volt, 5 stars ,2 years ago,"(Translated by Google) Very tasty and cozy.

(Original)
–û—á–µ–Ω—å –≤–∫—É—Å–Ω–æ –∏ —É—é—Ç–Ω–æ."
247,Volt, 5 stars ,3 years ago,"(Translated by Google) Nice place, interesting cocktails and gin and tonics

(Original) ‚Ä¶"
248,Volt, 5 stars ,2 years ago,"(Translated by Google) Good food and nice terrace

(Original)
Goed eten en mooie terras"
249,Volt, 5 stars ,2 years ago,"(Translated by Google) Always enjoy here again!

(Original)
Altijd weer genieten hier!"
250,Volt, 5 stars ,2 years ago,"(Translated by Google) Great place and delicious food

(Original) ‚Ä¶"
251,Volt, 5 stars ,4 years ago,"(Translated by Google) Top food, top service!

(Original)
Top eten, top service!"
252,Volt, 5 stars ,3 years ago,"(Translated by Google) Friendly service, great food

(Original) ‚Ä¶"
253,Volt, 5 stars ,3 years ago,"(Translated by Google) Nice place and great food

(Original)
Leuke zaak en heerlijk eten"
254,Volt, 5 stars ,4 years ago,"(Translated by Google) Top! I recommend

(Original)
Top! Recomendo"
255,Volt, 4 stars ,2 years ago,"(Translated by Google) Cozy tent for lunch

(Original)
Gezellige tent voor een lunch"
256,Volt, 5 stars ,2 years ago,(Translated by Google) Great restaurant with an attentive atmosphere and delicious beers and appetizers! ‚Ä¶
257,Volt, 5 stars ,3 years ago,"(Translated by Google) Fine. Attentive people and sociable.

(Original) ‚Ä¶"
258,Volt, 5 stars ,3 years ago,
259,Volt, 5 stars ,2 years ago,"(Translated by Google) Always TOP !!

(Original)
Altijd TOP!!"
260,Volt, 4 stars ,5 years ago,
261,Volt, 4 stars ,4 years ago,
262,Volt, 4 stars ,4 years ago,
263,Volt, 5 stars ,6 months ago,
264,Volt, 5 stars ,3 years ago,"(Translated by Google) Great food and drink!!!!

(Original)
Lekker eten en drinken!!!!"
265,Volt, 5 stars ,2 years ago,"(Translated by Google) Delicious food

(Original)
Heerlijk eten"
266,Volt, 4 stars ,5 years ago,"(Translated by Google) Tasty tosi

(Original)
Lekkere tosi"
267,Volt, 4 stars ,3 years ago,"(Translated by Google) Good bitterballen

(Original)
Goei bitterballen"
268,Volt, 5 stars ,10 months ago,
269,Volt, 5 stars ,5 years ago,
270,Volt, 4 stars ,2 years ago,
271,Volt, 5 stars ,5 years ago,
272,Volt, 5 stars ,3 years ago,
273,Volt, 4 stars ,9 months ago,
274,Volt, 5 stars ,a year ago,
275,Volt, 4 stars ,4 years ago,
276,Volt, 5 stars ,a year ago,
277,Volt, 5 stars ,2 years ago,
278,Volt, 4 stars ,5 years ago,
279,Volt, 4 stars ,3 years ago,
280,Volt, 4 stars ,a month ago,
281,Volt, 5 stars ,a year ago,
282,Volt, 5 stars ,2 years ago,
283,Volt, 5 stars ,3 years ago,
284,Volt, 4 stars ,2 years ago,
285,Volt, 4 stars ,3 years ago,
286,Volt, 4 stars ,5 years ago,
287,Volt, 5 stars ,2 years ago,
288,Volt, 5 stars ,5 years ago,
289,Volt, 4 stars ,3 years ago,
290,Volt, 5 stars ,4 years ago,
291,Volt, 5 stars ,4 years ago,
292,Volt, 5 stars ,3 years ago,
293,Volt, 5 stars ,a year ago,
294,Volt, 4 stars ,2 years ago,
295,Volt, 5 stars ,7 months ago,
296,Volt, 5 stars ,5 months ago,
297,Volt, 4 stars ,a year ago,
298,Volt, 4 stars ,2 years ago,
299,Volt, 3 stars ,2 years ago,
300,Volt, 4 stars ,3 years ago,
301,Volt, 4 stars ,4 years ago,
302,Volt, 5 stars ,3 years ago,
303,Volt, 4 stars ,2 years ago,
304,Volt, 5 stars ,4 years ago,
305,Volt, 4 stars ,4 years ago,
306,Volt, 5 stars ,2 years ago,
307,Volt, 5 stars ,4 years ago,
308,Volt, 4 stars ,2 years ago,
309,Volt, 5 stars ,2 years ago,
310,Volt, 5 stars ,4 years ago,
311,Volt, 4 stars ,4 years ago,
312,Volt, 4 stars ,5 years ago,
313,Volt, 4 stars ,6 years ago,
314,Volt, 4 stars ,3 years ago,
315,Volt, 5 stars ,2 years ago,
316,Volt, 3 stars ,3 years ago,
317,Volt, 5 stars ,a year ago,
318,Volt, 4 stars ,4 years ago,
319,Volt, 5 stars ,3 years ago,
320,Volt, 3 stars ,2 years ago,
321,Volt, 5 stars ,3 years ago,
322,Volt, 5 stars ,3 months ago,
323,Volt, 5 stars ,3 years ago,
324,Volt, 5 stars ,7 years ago,
325,Volt, 5 stars ,4 years ago,
326,Volt, 4 stars ,6 years ago,
327,Volt, 4 stars ,4 years ago,
328,Volt, 4 stars ,3 years ago,
329,Volt, 3 stars ,2 years ago,
330,Volt, 4 stars ,3 years ago,
331,Volt, 5 stars ,a year ago,
332,Volt, 4 stars ,3 years ago,
333,Volt, 4 stars ,2 years ago,
334,Volt, 5 stars ,3 years ago,
335,Volt, 5 stars ,2 years ago,
336,Volt, 4 stars ,2 years ago,
337,Volt, 5 stars ,2 years ago,
338,Volt, 4 stars ,2 years ago,
339,Volt, 5 stars ,7 months ago,
340,Volt, 4 stars ,2 years ago,
341,Volt, 5 stars ,a year ago,
342,Volt, 4 stars ,3 years ago,
343,Volt, 5 stars ,2 years ago,
344,Volt, 5 stars ,2 years ago,
345,Volt, 5 stars ,2 years ago,
346,Volt, 4 stars ,3 years ago,
347,Volt, 5 stars ,2 years ago,
348,Volt, 5 stars ,4 years ago,
349,Volt, 5 stars ,2 years ago,
350,Volt, 5 stars ,2 years ago,
351,Volt, 5 stars ,3 years ago,
352,Volt, 3 stars ,2 years ago,
353,Volt, 4 stars ,5 years ago,
354,Volt, 4 stars ,2 years ago,
355,Volt, 3 stars ,3 years ago,
356,Volt, 4 stars ,2 years ago,
357,Volt, 5 stars ,5 months ago,
358,Volt, 5 stars ,2 years ago,
359,Volt, 4 stars ,2 years ago,
360,Volt, 4 stars ,3 years ago,
361,Volt, 4 stars ,2 years ago,
362,Volt, 5 stars ,2 years ago,
363,Volt, 5 stars ,4 years ago,
364,Volt, 4 stars ,2 years ago,
365,Volt, 5 stars ,2 years ago,
366,Volt, 5 stars ,a week ago,(Translated by Google) We had a really delicious meal here. Special dishes for a very good price and also beautifully presented. And what fantastic service. You don't see that often in Amsterdam. ‚Ä¶
367,Volt, 4 stars ,4 years ago,
368,Volt, 5 stars ,4 years ago,
369,Volt, 4 stars ,7 months ago,
